{"cameraMode":{"drawMode":0,"name":"Shaded","section":"Shading Mode"},"sceneLighting":false,"audioPlay":false,"sceneViewState":{"showFog":true,"showMaterialUpdate":false,"showSkybox":true,"showFlares":true,"showImageEffects":true,"showParticleSystems":true},"in2DMode":false,"pivot":{"x":5.960464477539063e-8,"y":25.0,"z":-1.1920928955078126e-7},"rotation":{"x":0.10857369750738144,"y":0.04471823573112488,"z":-0.0048891459591686729,"w":0.9930700659751892},"size":165.01651000976563,"orthographic":false}