{"cameraMode":{"drawMode":0,"name":"Shaded","section":"Shading Mode"},"sceneLighting":false,"audioPlay":false,"sceneViewState":{"showFog":true,"showMaterialUpdate":false,"showSkybox":true,"showFlares":true,"showImageEffects":true,"showParticleSystems":true},"in2DMode":false,"pivot":{"x":-1.3507332801818848,"y":0.4442310333251953,"z":-0.46875762939453127},"rotation":{"x":0.08238497376441956,"y":-0.14744189381599427,"z":0.012324851006269455,"w":0.9855565428733826},"size":24.359243392944337,"orthographic":false}